{"eval_loss": 1.2981696128845215, "eval_model_preparation_time": 0.002, "eval_accuracy": 0.47397661209106445, "eval_runtime": 4.9999, "eval_samples_per_second": 684.01, "eval_steps_per_second": 85.601}