{"eval_loss": 1.2489006519317627, "eval_model_preparation_time": 0.002, "eval_accuracy": 0.3009999990463257, "eval_runtime": 1.4817, "eval_samples_per_second": 674.918, "eval_steps_per_second": 84.365}