{"eval_loss": 2.4050326347351074, "eval_model_preparation_time": 0.002, "eval_accuracy": 0.23199999332427979, "eval_runtime": 1.5045, "eval_samples_per_second": 664.671, "eval_steps_per_second": 83.084}